train_loss,Time,valid_loss,valid_grapheme_recall,valid_vowel_recall,valid_conso_recall,valid_recall
3.855120770535304,2775.0,3.3955040379130286,0.07013004939428005,0.5101628744435017,0.40593493427810934,0.2640894768775428
